embedding1,embedding2,embedding3,embedding4,embedding5,f1_score,mae,accuracy,precision,recall,dataset,target
gpt_sage,gpt_graphconv,alexa_resgatedconv,alexa_graphconv,onsite_sage,0.5811188811188811,0.4888888888888889,0.6,0.6851851851851851,0.5798319327731093,small,bias
gpt_sage,gpt_graphconv,alexa_resgatedconv,alexa_graphconv,onsite_graphconv,0.5386386662982408,0.5111111111111111,0.5777777777777777,0.6301587301587301,0.5518207282913166,small,bias
gpt_sage,gpt_graphconv,alexa_resgatedconv,alexa_graphconv,articles,0.7803907803907805,0.3191489361702128,0.7872340425531915,0.8333333333333334,0.7762605042016807,small,bias
gpt_sage,gpt_graphconv,alexa_resgatedconv,alexa_graphconv,wiki,0.6955266955266955,0.40425531914893614,0.7021276595744681,0.7002923976608186,0.7114845938375352,small,bias
gpt_sage,gpt_graphconv,alexa_resgatedconv,onsite_sage,onsite_graphconv,0.3991452991452992,0.8444444444444444,0.4222222222222222,0.4624542124542124,0.4313725490196078,small,bias
gpt_sage,gpt_graphconv,alexa_resgatedconv,onsite_sage,articles,0.6723682732277272,0.4444444444444444,0.6666666666666666,0.8275862068965517,0.6848739495798318,small,bias
gpt_sage,gpt_graphconv,alexa_resgatedconv,onsite_sage,wiki,0.7348484848484849,0.37777777777777777,0.7333333333333333,0.7638157894736842,0.7310924369747899,small,bias
gpt_sage,gpt_graphconv,alexa_resgatedconv,onsite_graphconv,articles,0.8647875816993463,0.2222222222222222,0.8666666666666667,0.9,0.865546218487395,small,bias
gpt_sage,gpt_graphconv,alexa_resgatedconv,onsite_graphconv,wiki,0.3876161876161876,0.7555555555555555,0.4444444444444444,0.6197377501725327,0.4719887955182072,small,bias
gpt_sage,gpt_graphconv,alexa_resgatedconv,articles,wiki,0.8952824952824953,0.14893617021276595,0.8936170212765957,0.9041394335511983,0.8911064425770308,small,bias
gpt_sage,gpt_graphconv,alexa_graphconv,onsite_sage,onsite_graphconv,0.41354723707664887,0.8,0.4444444444444444,0.4127450980392157,0.4341736694677871,small,bias
gpt_sage,gpt_graphconv,alexa_graphconv,onsite_sage,articles,0.8883661887694146,0.17777777777777778,0.8888888888888888,0.8959276018099548,0.8893557422969187,small,bias
gpt_sage,gpt_graphconv,alexa_graphconv,onsite_sage,wiki,0.697889317889318,0.4222222222222222,0.7111111111111111,0.7067099567099566,0.6988795518207281,small,bias
gpt_sage,gpt_graphconv,alexa_graphconv,onsite_graphconv,articles,0.8367357539868059,0.2222222222222222,0.8444444444444444,0.868937048503612,0.8375350140056023,small,bias
gpt_sage,gpt_graphconv,alexa_graphconv,onsite_graphconv,wiki,0.6606060606060605,0.4666666666666667,0.6888888888888889,0.6781189083820663,0.6792717086834733,small,bias
gpt_sage,gpt_graphconv,alexa_graphconv,articles,wiki,0.8952824952824953,0.14893617021276595,0.8936170212765957,0.9041394335511983,0.8911064425770308,small,bias
gpt_sage,gpt_graphconv,onsite_sage,onsite_graphconv,articles,0.8647875816993463,0.2222222222222222,0.8666666666666667,0.9,0.865546218487395,small,bias
gpt_sage,gpt_graphconv,onsite_sage,onsite_graphconv,wiki,0.38496240601503756,0.6888888888888889,0.4666666666666667,0.3134920634920635,0.5,small,bias
gpt_sage,gpt_graphconv,onsite_sage,articles,wiki,0.825925925925926,0.26666666666666666,0.8222222222222222,0.8787878787878788,0.8263305322128852,small,bias
gpt_sage,gpt_graphconv,onsite_graphconv,articles,wiki,0.765993265993266,0.37777777777777777,0.7777777777777778,0.8428030303030303,0.7703081232492996,small,bias
gpt_sage,alexa_resgatedconv,alexa_graphconv,onsite_sage,onsite_graphconv,0.4790346907993966,0.7555555555555555,0.4888888888888889,0.49188034188034185,0.4859943977591037,small,bias
gpt_sage,alexa_resgatedconv,alexa_graphconv,onsite_sage,articles,0.8400362318840581,0.26666666666666666,0.8444444444444444,0.8888888888888888,0.8417366946778712,small,bias
gpt_sage,alexa_resgatedconv,alexa_graphconv,onsite_sage,wiki,0.7110559691204853,0.4222222222222222,0.7111111111111111,0.7286967418546366,0.711484593837535,small,bias
gpt_sage,alexa_resgatedconv,alexa_graphconv,onsite_graphconv,articles,0.8141835016835017,0.3111111111111111,0.8222222222222222,0.8787878787878788,0.8179271708683474,small,bias
gpt_sage,alexa_resgatedconv,alexa_graphconv,onsite_graphconv,wiki,0.42111111111111105,0.5777777777777777,0.5333333333333333,0.40505050505050505,0.5,small,bias
gpt_sage,alexa_resgatedconv,alexa_graphconv,articles,wiki,0.8741414141414142,0.19148936170212766,0.8723404255319149,0.8958333333333334,0.8685224089635853,small,bias
gpt_sage,alexa_resgatedconv,onsite_sage,onsite_graphconv,articles,0.7272548358074674,0.4444444444444444,0.7555555555555555,0.8533333333333334,0.7464985994397759,small,bias
gpt_sage,alexa_resgatedconv,onsite_sage,onsite_graphconv,wiki,0.7275012569130217,0.4,0.7333333333333333,0.7328431372549019,0.726890756302521,small,bias
gpt_sage,alexa_resgatedconv,onsite_sage,articles,wiki,0.8658262266716105,0.2,0.8666666666666667,0.8708333333333332,0.8697478991596638,small,bias
gpt_sage,alexa_resgatedconv,onsite_graphconv,articles,wiki,0.8647875816993463,0.2222222222222222,0.8666666666666667,0.9,0.865546218487395,small,bias
gpt_sage,alexa_graphconv,onsite_sage,onsite_graphconv,articles,0.8647875816993463,0.2222222222222222,0.8666666666666667,0.9,0.865546218487395,small,bias
gpt_sage,alexa_graphconv,onsite_sage,onsite_graphconv,wiki,0.5961774354585652,0.5777777777777777,0.6222222222222222,0.7092117758784425,0.6204481792717087,small,bias
gpt_sage,alexa_graphconv,onsite_sage,articles,wiki,0.8647875816993463,0.2222222222222222,0.8666666666666667,0.9,0.865546218487395,small,bias
gpt_sage,alexa_graphconv,onsite_graphconv,articles,wiki,0.8858838554578919,0.17777777777777778,0.8888888888888888,0.8880844645550529,0.8851540616246498,small,bias
gpt_sage,onsite_sage,onsite_graphconv,articles,wiki,0.8222222222222221,0.26666666666666666,0.8222222222222222,0.8333333333333334,0.8263305322128852,small,bias
gpt_graphconv,alexa_resgatedconv,alexa_graphconv,onsite_sage,onsite_graphconv,0.40848484848484845,0.6222222222222222,0.5111111111111111,0.4217171717171717,0.4761904761904762,small,bias
gpt_graphconv,alexa_resgatedconv,alexa_graphconv,onsite_sage,articles,0.8632936507936507,0.2222222222222222,0.8666666666666667,0.8660714285714285,0.8655462184873949,small,bias
gpt_graphconv,alexa_resgatedconv,alexa_graphconv,onsite_sage,wiki,0.7721750321750321,0.28888888888888886,0.7777777777777778,0.7846320346320347,0.7703081232492996,small,bias
gpt_graphconv,alexa_resgatedconv,alexa_graphconv,onsite_graphconv,articles,0.8647875816993463,0.2222222222222222,0.8666666666666667,0.9,0.865546218487395,small,bias
gpt_graphconv,alexa_resgatedconv,alexa_graphconv,onsite_graphconv,wiki,0.643452380952381,0.4888888888888889,0.6444444444444445,0.6639309764309765,0.6526610644257703,small,bias
gpt_graphconv,alexa_resgatedconv,alexa_graphconv,articles,wiki,0.8069444444444445,0.2978723404255319,0.8085106382978723,0.8137566137566138,0.8132002801120448,small,bias
gpt_graphconv,alexa_resgatedconv,onsite_sage,onsite_graphconv,articles,0.8886616161616162,0.17777777777777778,0.8888888888888888,0.912280701754386,0.8893557422969187,small,bias
gpt_graphconv,alexa_resgatedconv,onsite_sage,onsite_graphconv,wiki,0.6975308641975309,0.4666666666666667,0.7111111111111111,0.6971916971916973,0.6988795518207284,small,bias
gpt_graphconv,alexa_resgatedconv,onsite_sage,articles,wiki,0.7869744744744746,0.35555555555555557,0.8,0.8695652173913043,0.7941176470588235,small,bias
gpt_graphconv,alexa_resgatedconv,onsite_graphconv,articles,wiki,0.8883661887694146,0.17777777777777778,0.8888888888888888,0.8959276018099548,0.8893557422969187,small,bias
gpt_graphconv,alexa_graphconv,onsite_sage,onsite_graphconv,articles,0.8400362318840581,0.26666666666666666,0.8444444444444444,0.8888888888888888,0.8417366946778712,small,bias
gpt_graphconv,alexa_graphconv,onsite_sage,onsite_graphconv,wiki,0.6319233793955736,0.4666666666666667,0.6666666666666666,0.6735042735042734,0.6428571428571429,small,bias
gpt_graphconv,alexa_graphconv,onsite_sage,articles,wiki,0.8689184060721061,0.2,0.8666666666666667,0.9,0.8697478991596639,small,bias
gpt_graphconv,alexa_graphconv,onsite_graphconv,articles,wiki,0.8455197132616487,0.24444444444444444,0.8444444444444444,0.8888888888888888,0.84593837535014,small,bias
gpt_graphconv,onsite_sage,onsite_graphconv,articles,wiki,0.8659548336967692,0.2,0.8666666666666667,0.8845029239766081,0.8697478991596639,small,bias
alexa_resgatedconv,alexa_graphconv,onsite_sage,onsite_graphconv,articles,0.8647875816993463,0.2222222222222222,0.8666666666666667,0.9,0.865546218487395,small,bias
alexa_resgatedconv,alexa_graphconv,onsite_sage,onsite_graphconv,wiki,0.6532999164578112,0.5333333333333333,0.6444444444444445,0.7224747474747475,0.6484593837535014,small,bias
alexa_resgatedconv,alexa_graphconv,onsite_sage,articles,wiki,0.8658262266716105,0.2,0.8666666666666667,0.8708333333333332,0.8697478991596638,small,bias
alexa_resgatedconv,alexa_graphconv,onsite_graphconv,articles,wiki,0.8212040932938548,0.28888888888888886,0.8222222222222222,0.8787878787878788,0.8221288515406163,small,bias
alexa_resgatedconv,onsite_sage,onsite_graphconv,articles,wiki,0.7957517634936989,0.3333333333333333,0.8,0.8695652173913043,0.7983193277310924,small,bias
alexa_graphconv,onsite_sage,onsite_graphconv,articles,wiki,0.8671969696969697,0.2,0.8666666666666667,0.8865740740740741,0.865546218487395,small,bias
gpt_sage,gpt_graphconv,alexa_resgatedconv,alexa_graphconv,onsite_sage,0.35093406593406595,1.0490196078431373,0.3627450980392157,0.49783549783549785,0.38630422209369575,large,bias
gpt_sage,gpt_graphconv,alexa_resgatedconv,alexa_graphconv,onsite_graphconv,0.3615978538245109,1.107843137254902,0.46078431372549017,0.37743589743589745,0.41538847117794486,large,bias
gpt_sage,gpt_graphconv,alexa_resgatedconv,alexa_graphconv,articles,0.5374368173056329,0.8137254901960784,0.5588235294117647,0.5756756756756756,0.5292037786774629,large,bias
gpt_sage,gpt_graphconv,alexa_resgatedconv,alexa_graphconv,wiki,0.523819182845552,0.6363636363636364,0.5959595959595959,0.5353508771929825,0.548187134502924,large,bias
gpt_sage,gpt_graphconv,alexa_resgatedconv,onsite_sage,onsite_graphconv,0.3318690783807063,1.1764705882352942,0.37254901960784315,0.4235359130389556,0.35122807017543856,large,bias
gpt_sage,gpt_graphconv,alexa_resgatedconv,onsite_sage,articles,0.5436703296703297,0.7549019607843137,0.5784313725490197,0.5900575353348966,0.5854212454212455,large,bias
gpt_sage,gpt_graphconv,alexa_resgatedconv,onsite_sage,wiki,0.5699266837169651,0.6161616161616161,0.5959595959595959,0.599047619047619,0.5610076473234368,large,bias
gpt_sage,gpt_graphconv,alexa_resgatedconv,onsite_graphconv,articles,0.5166008069233875,0.696078431372549,0.5686274509803921,0.5122153209109731,0.5498978214767688,large,bias
gpt_sage,gpt_graphconv,alexa_resgatedconv,onsite_graphconv,wiki,0.5302545279827227,0.6868686868686869,0.5656565656565656,0.5940412528647823,0.5301844354475933,large,bias
gpt_sage,gpt_graphconv,alexa_resgatedconv,articles,wiki,0.5516688116688117,0.6161616161616161,0.5656565656565656,0.5995135975135975,0.5602699055330634,large,bias
gpt_sage,gpt_graphconv,alexa_graphconv,onsite_sage,onsite_graphconv,0.384168896700866,0.8823529411764706,0.4411764705882353,0.4333333333333333,0.39718527086948135,large,bias
gpt_sage,gpt_graphconv,alexa_graphconv,onsite_sage,articles,0.4932888613631242,0.7352941176470589,0.5490196078431373,0.4805738855738856,0.5298476961634856,large,bias
gpt_sage,gpt_graphconv,alexa_graphconv,onsite_sage,wiki,0.5324985834891496,0.7474747474747475,0.5353535353535354,0.5689087080391428,0.5303823661718399,large,bias
gpt_sage,gpt_graphconv,alexa_graphconv,onsite_graphconv,articles,0.46589639639639635,0.8235294117647058,0.5098039215686274,0.5273382473382473,0.5128899171004434,large,bias
gpt_sage,gpt_graphconv,alexa_graphconv,onsite_graphconv,wiki,0.5880599524496501,0.6464646464646465,0.5858585858585859,0.6138894830659536,0.6060638776428251,large,bias
gpt_sage,gpt_graphconv,alexa_graphconv,articles,wiki,0.4919667832167832,0.7575757575757576,0.5858585858585859,0.4778280542986425,0.5431848852901484,large,bias
gpt_sage,gpt_graphconv,onsite_sage,onsite_graphconv,articles,0.585674553148648,0.5974025974025974,0.6277056277056277,0.678049062049062,0.5902931053270357,large,bias
gpt_sage,gpt_graphconv,onsite_sage,onsite_graphconv,wiki,0.6193947411042291,0.6318181818181818,0.6363636363636364,0.6401032042862338,0.6285095148939542,large,bias
gpt_sage,gpt_graphconv,onsite_sage,articles,wiki,0.6778857844369831,0.4863636363636364,0.7,0.6852842161961992,0.7108665933608724,large,bias
gpt_sage,gpt_graphconv,onsite_graphconv,articles,wiki,0.6277069589757664,0.6409090909090909,0.6545454545454545,0.6474658239364122,0.6509512417407154,large,bias
gpt_sage,alexa_resgatedconv,alexa_graphconv,onsite_sage,onsite_graphconv,0.41149184149184154,1.0490196078431373,0.43137254901960786,0.4225303643724696,0.4438326585695007,large,bias
gpt_sage,alexa_resgatedconv,alexa_graphconv,onsite_sage,articles,0.5223020117137764,0.7352941176470589,0.5490196078431373,0.538132183908046,0.5501368806631964,large,bias
gpt_sage,alexa_resgatedconv,alexa_graphconv,onsite_sage,wiki,0.5691977470859267,0.6868686868686869,0.6060606060606061,0.6158494623655915,0.5660908681961313,large,bias
gpt_sage,alexa_resgatedconv,alexa_graphconv,onsite_graphconv,articles,0.5213570104122093,0.7549019607843137,0.5294117647058824,0.593984962406015,0.5405128205128205,large,bias
gpt_sage,alexa_resgatedconv,alexa_graphconv,onsite_graphconv,wiki,0.581917211328976,0.6363636363636364,0.5858585858585859,0.5977830864787388,0.5872154745838957,large,bias
gpt_sage,alexa_resgatedconv,alexa_graphconv,articles,wiki,0.3982684464219503,1.1313131313131313,0.494949494949495,0.461585623678647,0.44000000000000006,large,bias
gpt_sage,alexa_resgatedconv,onsite_sage,onsite_graphconv,articles,0.5691001001705853,0.6666666666666666,0.5882352941176471,0.577995951417004,0.568648544438018,large,bias
gpt_sage,alexa_resgatedconv,onsite_sage,onsite_graphconv,wiki,0.6022247010517582,0.7373737373737373,0.6464646464646465,0.6296192696192696,0.6013045434098065,large,bias
gpt_sage,alexa_resgatedconv,onsite_sage,articles,wiki,0.5586661062976852,0.7373737373737373,0.5757575757575758,0.5790543918324238,0.5667656320287898,large,bias
gpt_sage,alexa_resgatedconv,onsite_graphconv,articles,wiki,0.5999577998712539,0.6262626262626263,0.6262626262626263,0.6002788322788322,0.6139541160593793,large,bias
gpt_sage,alexa_graphconv,onsite_sage,onsite_graphconv,articles,0.5064472610446412,0.7549019607843137,0.5490196078431373,0.5501058201058201,0.5305494505494505,large,bias
gpt_sage,alexa_graphconv,onsite_sage,onsite_graphconv,wiki,0.5707912132912133,0.6767676767676768,0.6060606060606061,0.5911261940673705,0.5640575798470535,large,bias
gpt_sage,alexa_graphconv,onsite_sage,articles,wiki,0.5523275862068966,0.6666666666666666,0.5858585858585859,0.5503508771929825,0.5658209626630679,large,bias
gpt_sage,alexa_graphconv,onsite_graphconv,articles,wiki,0.5943995765275256,0.6060606060606061,0.6161616161616161,0.605708532953115,0.5970490328385065,large,bias
gpt_sage,onsite_sage,onsite_graphconv,articles,wiki,0.6429108583180694,0.5454545454545454,0.6772727272727272,0.6534528963100392,0.6458886841609954,large,bias
gpt_graphconv,alexa_resgatedconv,alexa_graphconv,onsite_sage,onsite_graphconv,0.3125210772269596,1.1862745098039216,0.3333333333333333,0.27600436340969303,0.378021978021978,large,bias
gpt_graphconv,alexa_resgatedconv,alexa_graphconv,onsite_sage,articles,0.5874003189792664,0.6862745098039216,0.5980392156862745,0.5996549344375431,0.5898939656834394,large,bias
gpt_graphconv,alexa_resgatedconv,alexa_graphconv,onsite_sage,wiki,0.5253372794677142,0.6767676767676768,0.5959595959595959,0.6028306878306879,0.542986954565902,large,bias
gpt_graphconv,alexa_resgatedconv,alexa_graphconv,onsite_graphconv,articles,0.5651700416208405,0.7647058823529411,0.5784313725490197,0.6040741611329847,0.5708424908424907,large,bias
gpt_graphconv,alexa_resgatedconv,alexa_graphconv,onsite_graphconv,wiki,0.5418088721314527,0.7676767676767676,0.5858585858585859,0.5514330484330484,0.5558614484930274,large,bias
gpt_graphconv,alexa_resgatedconv,alexa_graphconv,articles,wiki,0.5501227748408674,0.7575757575757576,0.5858585858585859,0.5988888888888888,0.5379757085020243,large,bias
gpt_graphconv,alexa_resgatedconv,onsite_sage,onsite_graphconv,articles,0.5122122762148338,0.6470588235294118,0.5294117647058824,0.5559848641210869,0.5094968189705031,large,bias
gpt_graphconv,alexa_resgatedconv,onsite_sage,onsite_graphconv,wiki,0.5637806491344344,0.7373737373737373,0.5757575757575758,0.6180150309460655,0.5656950067476384,large,bias
gpt_graphconv,alexa_resgatedconv,onsite_sage,articles,wiki,0.5877085650723026,0.5757575757575758,0.6161616161616161,0.5996753246753246,0.5916059379217274,large,bias
gpt_graphconv,alexa_resgatedconv,onsite_graphconv,articles,wiki,0.5507973507973508,0.7171717171717171,0.5757575757575758,0.5767069597069596,0.5727305443094917,large,bias
gpt_graphconv,alexa_graphconv,onsite_sage,onsite_graphconv,articles,0.546728565552095,0.7843137254901961,0.5686274509803921,0.5807792207792207,0.5603277424330055,large,bias
gpt_graphconv,alexa_graphconv,onsite_sage,onsite_graphconv,wiki,0.5435740382548893,0.7373737373737373,0.5656565656565656,0.5680545823345012,0.5564462438146649,large,bias
gpt_graphconv,alexa_graphconv,onsite_sage,articles,wiki,0.5951104446913554,0.5656565656565656,0.6262626262626263,0.5931423888002835,0.6009626630679262,large,bias
gpt_graphconv,alexa_graphconv,onsite_graphconv,articles,wiki,0.5923876029139187,0.5858585858585859,0.6060606060606061,0.6136118072960178,0.5967611336032388,large,bias
gpt_graphconv,onsite_sage,onsite_graphconv,articles,wiki,0.6541725458576899,0.4818181818181818,0.6818181818181818,0.6756656645372349,0.6586921850079744,large,bias
alexa_resgatedconv,alexa_graphconv,onsite_sage,onsite_graphconv,articles,0.5084109186320596,0.7549019607843137,0.5392156862745098,0.5050574712643677,0.5191748602274918,large,bias
alexa_resgatedconv,alexa_graphconv,onsite_sage,onsite_graphconv,wiki,0.606508600788968,0.5656565656565656,0.6868686868686869,0.6408037431352722,0.6190103463787675,large,bias
alexa_resgatedconv,alexa_graphconv,onsite_sage,articles,wiki,0.5738980814842883,0.5858585858585859,0.5959595959595959,0.6266452991452992,0.571893837156995,large,bias
alexa_resgatedconv,alexa_graphconv,onsite_graphconv,articles,wiki,0.609332546246,0.5858585858585859,0.6363636363636364,0.6155252439139907,0.6240665766981557,large,bias
alexa_resgatedconv,onsite_sage,onsite_graphconv,articles,wiki,0.5674982126161799,0.6464646464646465,0.5959595959595959,0.5745933014354068,0.576932073774179,large,bias
alexa_graphconv,onsite_sage,onsite_graphconv,articles,wiki,0.5485624438454627,0.6262626262626263,0.5656565656565656,0.6128102865860303,0.5490328385065227,large,bias
