embedding1,embedding2,embedding3,embedding4,f1_score,mae,accuracy,precision,recall,dataset,target
gpt_sage,gpt_graphconv,alexa_resgatedconv,alexa_graphconv,0.4981351981351981,0.5957446808510638,0.574468085106383,0.5547008547008546,0.5293040293040293,small,factuality
gpt_sage,gpt_graphconv,alexa_resgatedconv,onsite_sage,0.5390294460061902,0.5777777777777777,0.5777777777777777,0.5560224089635853,0.5772283272283272,small,factuality
gpt_sage,gpt_graphconv,alexa_resgatedconv,onsite_graphconv,0.3731601731601732,0.7111111111111111,0.5111111111111111,0.4564860426929392,0.41422466422466425,small,factuality
gpt_sage,gpt_graphconv,alexa_resgatedconv,articles,0.6026936026936027,0.2978723404255319,0.7021276595744681,0.6038961038961039,0.6410256410256411,small,factuality
gpt_sage,gpt_graphconv,alexa_resgatedconv,wiki,0.5064102564102564,0.46808510638297873,0.6170212765957447,0.50997150997151,0.5073260073260073,small,factuality
gpt_sage,gpt_graphconv,alexa_graphconv,onsite_sage,0.38927920895134016,0.4666666666666667,0.6222222222222222,0.37671957671957673,0.4188034188034188,small,factuality
gpt_sage,gpt_graphconv,alexa_graphconv,onsite_graphconv,0.5,0.4444444444444444,0.6666666666666666,0.5547385620915032,0.4942002442002442,small,factuality
gpt_sage,gpt_graphconv,alexa_graphconv,articles,0.44646464646464645,0.3404255319148936,0.6595744680851063,0.42169540229885055,0.4743589743589744,small,factuality
gpt_sage,gpt_graphconv,alexa_graphconv,wiki,0.43238117814389004,0.5106382978723404,0.5957446808510638,0.4545454545454546,0.43772893772893773,small,factuality
gpt_sage,gpt_graphconv,onsite_sage,onsite_graphconv,0.4200984200984201,0.9333333333333333,0.4222222222222222,0.5427350427350427,0.47741147741147744,small,factuality
gpt_sage,gpt_graphconv,onsite_sage,articles,0.46296296296296297,0.3111111111111111,0.6888888888888889,0.43154761904761907,0.5021367521367521,small,factuality
gpt_sage,gpt_graphconv,onsite_sage,wiki,0.5299267181620123,0.4,0.6,0.5861244019138756,0.5354090354090354,small,factuality
gpt_sage,gpt_graphconv,onsite_graphconv,articles,0.6378446115288221,0.3333333333333333,0.7333333333333333,0.6802867383512545,0.6172161172161172,small,factuality
gpt_sage,gpt_graphconv,onsite_graphconv,wiki,0.3629807692307692,0.5555555555555556,0.6,0.608187134502924,0.3959096459096459,small,factuality
gpt_sage,gpt_graphconv,articles,wiki,0.5966329966329966,0.40425531914893614,0.6382978723404256,0.6029689608636977,0.6593406593406593,small,factuality
gpt_sage,alexa_resgatedconv,alexa_graphconv,onsite_sage,0.4322287199480182,0.7333333333333333,0.4444444444444444,0.48148148148148157,0.5051892551892552,small,factuality
gpt_sage,alexa_resgatedconv,alexa_graphconv,onsite_graphconv,0.43975155279503103,0.7333333333333333,0.4666666666666667,0.46380471380471383,0.503052503052503,small,factuality
gpt_sage,alexa_resgatedconv,alexa_graphconv,articles,0.6319995138698994,0.2765957446808511,0.723404255319149,0.632996632996633,0.6648351648351648,small,factuality
gpt_sage,alexa_resgatedconv,alexa_graphconv,wiki,0.48219373219373224,0.5106382978723404,0.5957446808510638,0.5339366515837104,0.554945054945055,small,factuality
gpt_sage,alexa_resgatedconv,onsite_sage,onsite_graphconv,0.3628374136848713,0.6888888888888889,0.5111111111111111,0.31313131313131315,0.434065934065934,small,factuality
gpt_sage,alexa_resgatedconv,onsite_sage,articles,0.6010582010582012,0.28888888888888886,0.7111111111111111,0.6005291005291005,0.6092796092796092,small,factuality
gpt_sage,alexa_resgatedconv,onsite_sage,wiki,0.5343434343434343,0.4444444444444444,0.6666666666666666,0.5560344827586207,0.528998778998779,small,factuality
gpt_sage,alexa_resgatedconv,onsite_graphconv,articles,0.7133333333333333,0.24444444444444444,0.7777777777777778,0.7222222222222222,0.7075702075702076,small,factuality
gpt_sage,alexa_resgatedconv,onsite_graphconv,wiki,0.5988914084152179,0.4222222222222222,0.6666666666666666,0.5959972394755003,0.6086691086691086,small,factuality
gpt_sage,alexa_resgatedconv,articles,wiki,0.6296296296296297,0.2978723404255319,0.723404255319149,0.6617826617826618,0.6886446886446885,small,factuality
gpt_sage,alexa_graphconv,onsite_sage,onsite_graphconv,0.43677655677655675,0.6222222222222222,0.5111111111111111,0.43650793650793646,0.43925518925518925,small,factuality
gpt_sage,alexa_graphconv,onsite_sage,articles,0.6091168091168092,0.26666666666666666,0.7333333333333333,0.6746031746031745,0.5973748473748474,small,factuality
gpt_sage,alexa_graphconv,onsite_sage,wiki,0.5306001188354129,0.4888888888888889,0.6222222222222222,0.5333333333333333,0.5381562881562881,small,factuality
gpt_sage,alexa_graphconv,onsite_graphconv,articles,0.6147050014974543,0.3333333333333333,0.7111111111111111,0.6172839506172839,0.6242368742368742,small,factuality
gpt_sage,alexa_graphconv,onsite_graphconv,wiki,0.5238095238095237,0.4888888888888889,0.6444444444444445,0.548015873015873,0.5161782661782661,small,factuality
gpt_sage,alexa_graphconv,articles,wiki,0.5961722488038278,0.3191489361702128,0.7021276595744681,0.6297082228116712,0.6648351648351648,small,factuality
gpt_sage,onsite_sage,onsite_graphconv,articles,0.7097687400318979,0.28888888888888886,0.7777777777777778,0.746761539864988,0.7124542124542126,small,factuality
gpt_sage,onsite_sage,onsite_graphconv,wiki,0.45923180592991913,0.6666666666666666,0.5555555555555556,0.5559964726631393,0.4697802197802197,small,factuality
gpt_sage,onsite_sage,articles,wiki,0.42211589580010633,0.7333333333333333,0.4666666666666667,0.5183150183150184,0.5427350427350427,small,factuality
gpt_sage,onsite_graphconv,articles,wiki,0.5319838056680162,0.37777777777777777,0.6888888888888889,0.7452440033085196,0.6211843711843712,small,factuality
gpt_graphconv,alexa_resgatedconv,alexa_graphconv,onsite_sage,0.43817663817663816,0.6666666666666666,0.5333333333333333,0.4580419580419581,0.4371184371184371,small,factuality
gpt_graphconv,alexa_resgatedconv,alexa_graphconv,onsite_graphconv,0.3599537037037037,0.5333333333333333,0.5555555555555556,0.5906432748538012,0.3702686202686203,small,factuality
gpt_graphconv,alexa_resgatedconv,alexa_graphconv,articles,0.6075757575757575,0.2978723404255319,0.7021276595744681,0.6091954022988505,0.6172161172161172,small,factuality
gpt_graphconv,alexa_resgatedconv,alexa_graphconv,wiki,0.37952200600757474,0.5319148936170213,0.574468085106383,0.41111111111111115,0.402930402930403,small,factuality
gpt_graphconv,alexa_resgatedconv,onsite_sage,onsite_graphconv,0.3556067588325653,0.9111111111111111,0.35555555555555557,0.4688387635756057,0.4838217338217339,small,factuality
gpt_graphconv,alexa_resgatedconv,onsite_sage,articles,0.5950699863743342,0.28888888888888886,0.7111111111111111,0.6038961038961039,0.5894383394383395,small,factuality
gpt_graphconv,alexa_resgatedconv,onsite_sage,wiki,0.46581196581196577,0.4888888888888889,0.6,0.4659340659340659,0.47069597069597063,small,factuality
gpt_graphconv,alexa_resgatedconv,onsite_graphconv,articles,0.5604838709677419,0.4,0.6888888888888889,0.6814814814814815,0.5467032967032966,small,factuality
gpt_graphconv,alexa_resgatedconv,onsite_graphconv,wiki,0.44670008354218876,0.5111111111111111,0.6,0.4666666666666666,0.5003052503052503,small,factuality
gpt_graphconv,alexa_resgatedconv,articles,wiki,0.49461279461279456,0.3617021276595745,0.6595744680851063,0.4963748894783378,0.4981684981684982,small,factuality
gpt_graphconv,alexa_graphconv,onsite_sage,onsite_graphconv,0.3163059163059163,1.0666666666666667,0.3111111111111111,0.4068376068376069,0.3785103785103785,small,factuality
gpt_graphconv,alexa_graphconv,onsite_sage,articles,0.6244696709092995,0.28888888888888886,0.7333333333333333,0.6523809523809524,0.6767399267399267,small,factuality
gpt_graphconv,alexa_graphconv,onsite_sage,wiki,0.4838217338217339,0.4666666666666667,0.6444444444444445,0.4962962962962963,0.4813797313797314,small,factuality
gpt_graphconv,alexa_graphconv,onsite_graphconv,articles,0.5829589697514226,0.3333333333333333,0.6888888888888889,0.5802469135802469,0.5964590964590964,small,factuality
gpt_graphconv,alexa_graphconv,onsite_graphconv,wiki,0.4865900383141762,0.4888888888888889,0.6444444444444445,0.5145833333333333,0.4813797313797314,small,factuality
gpt_graphconv,alexa_graphconv,articles,wiki,0.5423510466988727,0.425531914893617,0.5957446808510638,0.5462121212121213,0.5641025641025641,small,factuality
gpt_graphconv,onsite_sage,onsite_graphconv,articles,0.7339506172839506,0.26666666666666666,0.7777777777777778,0.746031746031746,0.7472527472527473,small,factuality
gpt_graphconv,onsite_sage,onsite_graphconv,wiki,0.4869625042999656,0.5555555555555556,0.5777777777777777,0.4987545787545788,0.5173992673992673,small,factuality
gpt_graphconv,onsite_sage,articles,wiki,0.448601610126111,0.4222222222222222,0.6222222222222222,0.45634920634920634,0.45848595848595847,small,factuality
gpt_graphconv,onsite_graphconv,articles,wiki,0.5061538461538461,0.4222222222222222,0.6666666666666666,0.7393162393162394,0.6083638583638583,small,factuality
alexa_resgatedconv,alexa_graphconv,onsite_sage,onsite_graphconv,0.5158730158730158,0.6222222222222222,0.5555555555555556,0.525062656641604,0.5494505494505494,small,factuality
alexa_resgatedconv,alexa_graphconv,onsite_sage,articles,0.598725191945531,0.3111111111111111,0.7111111111111111,0.6414141414141413,0.5943223443223443,small,factuality
alexa_resgatedconv,alexa_graphconv,onsite_sage,wiki,0.4928571428571429,0.4444444444444444,0.6444444444444445,0.5448179271708683,0.5061050061050061,small,factuality
alexa_resgatedconv,alexa_graphconv,onsite_graphconv,articles,0.6052437341548731,0.4,0.6444444444444445,0.5952380952380952,0.6355311355311356,small,factuality
alexa_resgatedconv,alexa_graphconv,onsite_graphconv,wiki,0.62658329324996,0.4,0.7111111111111111,0.638095238095238,0.6193528693528694,small,factuality
alexa_resgatedconv,alexa_graphconv,articles,wiki,0.5092816787732042,0.40425531914893614,0.6382978723404256,0.5281385281385281,0.521978021978022,small,factuality
alexa_resgatedconv,onsite_sage,onsite_graphconv,articles,0.6124522056725447,0.3111111111111111,0.7333333333333333,0.7858585858585858,0.5824175824175825,small,factuality
alexa_resgatedconv,onsite_sage,onsite_graphconv,wiki,0.5075771866943344,0.4666666666666667,0.6666666666666666,0.626984126984127,0.4942002442002442,small,factuality
alexa_resgatedconv,onsite_sage,articles,wiki,0.7328130806391675,0.2,0.8,0.728146853146853,0.7402319902319903,small,factuality
alexa_resgatedconv,onsite_graphconv,articles,wiki,0.5764411027568922,0.3333333333333333,0.6888888888888889,0.5913978494623656,0.5815018315018315,small,factuality
alexa_graphconv,onsite_sage,onsite_graphconv,articles,0.6341991341991342,0.3111111111111111,0.7333333333333333,0.6666666666666666,0.6172161172161172,small,factuality
alexa_graphconv,onsite_sage,onsite_graphconv,wiki,0.3894586894586894,0.9111111111111111,0.4222222222222222,0.5590922487474211,0.5170940170940171,small,factuality
alexa_graphconv,onsite_sage,articles,wiki,0.6178266178266179,0.28888888888888886,0.7111111111111111,0.6370370370370371,0.6092796092796092,small,factuality
alexa_graphconv,onsite_graphconv,articles,wiki,0.6702188121625463,0.28888888888888886,0.7555555555555555,0.6669360269360269,0.6797924297924297,small,factuality
onsite_sage,onsite_graphconv,articles,wiki,0.5937413349178056,0.3333333333333333,0.7111111111111111,0.6273772204806688,0.6291208791208791,small,factuality
gpt_sage,gpt_graphconv,alexa_resgatedconv,alexa_graphconv,0.3041304347826087,0.475,0.5666666666666667,0.3142857142857143,0.3015948963317384,large,factuality
gpt_sage,gpt_graphconv,alexa_resgatedconv,onsite_sage,0.24142473118279567,0.5083333333333333,0.5583333333333333,0.2617768162467723,0.3056884635832004,large,factuality
gpt_sage,gpt_graphconv,alexa_resgatedconv,onsite_graphconv,0.26208610019424494,0.5583333333333333,0.5666666666666667,0.3096459096459096,0.2748006379585327,large,factuality
gpt_sage,gpt_graphconv,alexa_resgatedconv,articles,0.26837837653472707,0.7166666666666667,0.45,0.44319873526118175,0.5295055821371611,large,factuality
gpt_sage,gpt_graphconv,alexa_resgatedconv,wiki,0.29066064501186956,0.7241379310344828,0.5,0.33039289289289286,0.3871527777777778,large,factuality
gpt_sage,gpt_graphconv,alexa_graphconv,onsite_sage,0.2217391304347826,0.55,0.5166666666666667,0.22000000000000003,0.24816586921850078,large,factuality
gpt_sage,gpt_graphconv,alexa_graphconv,onsite_graphconv,0.19014945838475253,0.675,0.525,0.4173076923076923,0.2123338649654439,large,factuality
gpt_sage,gpt_graphconv,alexa_graphconv,articles,0.39504276399463856,0.6416666666666667,0.4583333333333333,0.45652643266917525,0.5707070707070707,large,factuality
gpt_sage,gpt_graphconv,alexa_graphconv,wiki,0.28023277834766824,0.7413793103448276,0.4051724137931034,0.35069897483690593,0.45972222222222225,large,factuality
gpt_sage,gpt_graphconv,onsite_sage,onsite_graphconv,0.106120826709062,0.7092511013215859,0.3303964757709251,0.21457399103139013,0.20180572851805728,large,factuality
gpt_sage,gpt_graphconv,onsite_sage,articles,0.331684574758696,0.36123348017621143,0.6696035242290749,0.3814128546612623,0.42000351246926587,large,factuality
gpt_sage,gpt_graphconv,onsite_sage,wiki,0.2817215158983356,0.8287037037037037,0.4861111111111111,0.33129855715871254,0.3549917402858579,large,factuality
gpt_sage,gpt_graphconv,onsite_graphconv,articles,0.3572651022947971,0.5506607929515418,0.5991189427312775,0.4078940272883346,0.501649263978031,large,factuality
gpt_sage,gpt_graphconv,onsite_graphconv,wiki,0.36835654634079823,0.5277777777777778,0.6435185185185185,0.3606623447629461,0.5352661064425771,large,factuality
gpt_sage,gpt_graphconv,articles,wiki,0.3744982739453513,0.25416666666666665,0.775,0.379932554383965,0.3831321084864392,large,factuality
gpt_sage,alexa_resgatedconv,alexa_graphconv,onsite_sage,0.16846560846560846,0.925,0.375,0.226890756302521,0.2703349282296651,large,factuality
gpt_sage,alexa_resgatedconv,alexa_graphconv,onsite_graphconv,0.16898901717825965,1.0083333333333333,0.25833333333333336,0.3163187855787476,0.2965975544922913,large,factuality
gpt_sage,alexa_resgatedconv,alexa_graphconv,articles,0.34509432374994653,0.4583333333333333,0.6,0.44333333333333336,0.44702286018075493,large,factuality
gpt_sage,alexa_resgatedconv,alexa_graphconv,wiki,0.3221848739495799,0.5517241379310345,0.5775862068965517,0.3300280112044818,0.4041666666666667,large,factuality
gpt_sage,alexa_resgatedconv,onsite_sage,onsite_graphconv,0.2931491303811521,0.7083333333333334,0.5,0.29588893864755933,0.32599681020733656,large,factuality
gpt_sage,alexa_resgatedconv,onsite_sage,articles,0.41015976930870546,0.35833333333333334,0.6666666666666666,0.40519429590017825,0.4524720893141946,large,factuality
gpt_sage,alexa_resgatedconv,onsite_sage,wiki,0.2785886026541764,0.5344827586206896,0.5775862068965517,0.27397583259652225,0.32395833333333335,large,factuality
gpt_sage,alexa_resgatedconv,onsite_graphconv,articles,0.37345692475463466,0.35833333333333334,0.675,0.3544690635451505,0.4414141414141414,large,factuality
gpt_sage,alexa_resgatedconv,onsite_graphconv,wiki,0.25945549167287185,0.8103448275862069,0.35344827586206895,0.34662524366471736,0.4649305555555555,large,factuality
gpt_sage,alexa_resgatedconv,articles,wiki,0.38930402930402935,0.45689655172413796,0.6120689655172413,0.3775278795557534,0.5024305555555555,large,factuality
gpt_sage,alexa_graphconv,onsite_sage,onsite_graphconv,0.14864013266998338,0.95,0.35833333333333334,0.2280392156862745,0.1901116427432217,large,factuality
gpt_sage,alexa_graphconv,onsite_sage,articles,0.46541673549547563,0.36666666666666664,0.675,0.5584777517564403,0.5197767145135567,large,factuality
gpt_sage,alexa_graphconv,onsite_sage,wiki,0.30163154922880325,0.5172413793103449,0.5775862068965517,0.3001951219512195,0.39236111111111105,large,factuality
gpt_sage,alexa_graphconv,onsite_graphconv,articles,0.2812808940468515,0.5583333333333333,0.525,0.34507936507936504,0.3599415204678363,large,factuality
gpt_sage,alexa_graphconv,onsite_graphconv,wiki,0.2576241793633097,0.7931034482758621,0.47413793103448276,0.2974242424242424,0.2791666666666667,large,factuality
gpt_sage,alexa_graphconv,articles,wiki,0.4294273842099929,0.3620689655172414,0.6551724137931034,0.4206107730448501,0.5277777777777778,large,factuality
gpt_sage,onsite_sage,onsite_graphconv,articles,0.42094530005310676,0.4933920704845815,0.6475770925110133,0.47600669099756693,0.4627588849506658,large,factuality
gpt_sage,onsite_sage,onsite_graphconv,wiki,0.3446084520764828,0.6203703703703703,0.5833333333333334,0.3695941552577394,0.4364461682108741,large,factuality
gpt_sage,onsite_sage,articles,wiki,0.416965260150339,0.5,0.625,0.4197883100608665,0.5654363283775049,large,factuality
gpt_sage,onsite_graphconv,articles,wiki,0.4263359073882526,0.35185185185185186,0.6759259259259259,0.4050278005651262,0.5428786899375135,large,factuality
gpt_graphconv,alexa_resgatedconv,alexa_graphconv,onsite_sage,0.028125,1.5333333333333334,0.075,0.015126050420168066,0.2,large,factuality
gpt_graphconv,alexa_resgatedconv,alexa_graphconv,onsite_graphconv,0.24490686407270323,1.0916666666666666,0.3416666666666667,0.3177966446069894,0.3294790005316321,large,factuality
gpt_graphconv,alexa_resgatedconv,alexa_graphconv,articles,0.46483977204604604,0.325,0.6916666666666667,0.4458301206317622,0.5401382243487507,large,factuality
gpt_graphconv,alexa_resgatedconv,alexa_graphconv,wiki,0.31373941132431005,0.43103448275862066,0.6293103448275862,0.32359154929577466,0.3767361111111111,large,factuality
gpt_graphconv,alexa_resgatedconv,onsite_sage,onsite_graphconv,0.1546752074167817,1.0916666666666666,0.23333333333333334,0.2752660242982824,0.2763955342902711,large,factuality
gpt_graphconv,alexa_resgatedconv,onsite_sage,articles,0.3481481481481481,0.5666666666666667,0.5833333333333334,0.378409090909091,0.391812865497076,large,factuality
gpt_graphconv,alexa_resgatedconv,onsite_sage,wiki,0.29678530951304677,0.646551724137931,0.5172413793103449,0.324128733997155,0.3434027777777778,large,factuality
gpt_graphconv,alexa_resgatedconv,onsite_graphconv,articles,0.27985507246376806,0.575,0.525,0.30773809523809526,0.3572036150983519,large,factuality
gpt_graphconv,alexa_resgatedconv,onsite_graphconv,wiki,0.3127272727272727,0.6896551724137931,0.4827586206896552,0.38482074752097634,0.3819444444444444,large,factuality
gpt_graphconv,alexa_resgatedconv,articles,wiki,0.33771241830065357,0.5948275862068966,0.5258620689655172,0.37251461988304096,0.465625,large,factuality
gpt_graphconv,alexa_graphconv,onsite_sage,onsite_graphconv,0.15809523809523812,0.575,0.55,0.16926605504587156,0.20223285486443382,large,factuality
gpt_graphconv,alexa_graphconv,onsite_sage,articles,0.3268806073153899,0.4166666666666667,0.6166666666666667,0.33425925925925926,0.40233918128654966,large,factuality
gpt_graphconv,alexa_graphconv,onsite_sage,wiki,0.2981573784648888,0.6206896551724138,0.4396551724137931,0.33959148196436334,0.36701388888888886,large,factuality
gpt_graphconv,alexa_graphconv,onsite_graphconv,articles,0.39444132772323515,0.35833333333333334,0.6666666666666666,0.37837971552257266,0.4415204678362573,large,factuality
gpt_graphconv,alexa_graphconv,onsite_graphconv,wiki,0.2632804232804233,0.4482758620689655,0.603448275862069,0.2742547425474255,0.2965277777777778,large,factuality
gpt_graphconv,alexa_graphconv,articles,wiki,0.37431581828133553,0.5431034482758621,0.5862068965517241,0.3837222222222222,0.46284722222222224,large,factuality
gpt_graphconv,onsite_sage,onsite_graphconv,articles,0.3765655493931356,0.4008810572687225,0.6828193832599119,0.3859762563018377,0.46835808027588854,large,factuality
gpt_graphconv,onsite_sage,onsite_graphconv,wiki,0.33978242728816116,0.4351851851851852,0.6342592592592593,0.336824874079814,0.4052682611506141,large,factuality
gpt_graphconv,onsite_sage,articles,wiki,0.4550159046669515,0.3194444444444444,0.7222222222222222,0.44023602484472046,0.5739028944911297,large,factuality
gpt_graphconv,onsite_graphconv,articles,wiki,0.4309762613300583,0.4074074074074074,0.6527777777777778,0.430663454192866,0.5692990016519428,large,factuality
alexa_resgatedconv,alexa_graphconv,onsite_sage,onsite_graphconv,0.27296736516660947,0.7107438016528925,0.4628099173553719,0.42393495934959347,0.3318800733176224,large,factuality
alexa_resgatedconv,alexa_graphconv,onsite_sage,articles,0.37142857142857144,0.34710743801652894,0.6942148760330579,0.38434726400318225,0.4580518460329929,large,factuality
alexa_resgatedconv,alexa_graphconv,onsite_sage,wiki,0.3338145363408522,0.7777777777777778,0.5128205128205128,0.3488238770685579,0.38974358974358975,large,factuality
alexa_resgatedconv,alexa_graphconv,onsite_graphconv,articles,0.28492307692307695,0.6363636363636364,0.5371900826446281,0.33650793650793653,0.35785545954438336,large,factuality
alexa_resgatedconv,alexa_graphconv,onsite_graphconv,wiki,0.30603192411939634,0.7863247863247863,0.4444444444444444,0.3590756302521008,0.4478632478632479,large,factuality
alexa_resgatedconv,alexa_graphconv,articles,wiki,0.28286407255088053,0.5897435897435898,0.5213675213675214,0.3109771181199753,0.38478632478632474,large,factuality
alexa_resgatedconv,onsite_sage,onsite_graphconv,articles,0.3460135281945688,0.6528925619834711,0.5041322314049587,0.3756060606060606,0.46275202932704895,large,factuality
alexa_resgatedconv,onsite_sage,onsite_graphconv,wiki,0.22033898305084745,0.9145299145299145,0.358974358974359,0.2492763772175537,0.43487179487179484,large,factuality
alexa_resgatedconv,onsite_sage,articles,wiki,0.33827210425794857,0.5384615384615384,0.5555555555555556,0.4087218045112782,0.4142735042735043,large,factuality
alexa_resgatedconv,onsite_graphconv,articles,wiki,0.2973083131557708,0.6752136752136753,0.47863247863247865,0.315120087710282,0.4699999999999999,large,factuality
alexa_graphconv,onsite_sage,onsite_graphconv,articles,0.29369619701427485,0.47107438016528924,0.5950413223140496,0.3354407294832827,0.3990006109801868,large,factuality
alexa_graphconv,onsite_sage,onsite_graphconv,wiki,0.2547645951035782,0.4700854700854701,0.5811965811965812,0.2549965059399022,0.26623931623931624,large,factuality
alexa_graphconv,onsite_sage,articles,wiki,0.3281913967258795,0.5470085470085471,0.5470085470085471,0.3677300668551173,0.38598290598290597,large,factuality
alexa_graphconv,onsite_graphconv,articles,wiki,0.3925993453006675,0.41025641025641024,0.6410256410256411,0.4149999999999999,0.43649572649572654,large,factuality
onsite_sage,onsite_graphconv,articles,wiki,0.4125989782886334,0.5963302752293578,0.6422018348623854,0.4476956376956377,0.5756185535336511,large,factuality
