embedding1,embedding2,embedding3,f1_score,mae,accuracy,precision,recall,dataset,target
gpt_sage,gpt_graphconv,alexa_resgatedconv,0.5147392290249433,0.6170212765957447,0.574468085106383,0.577396175861649,0.5402930402930403,small,factuality
gpt_sage,gpt_graphconv,alexa_graphconv,0.4457115211832193,0.5106382978723404,0.574468085106383,0.44532627865961194,0.4468864468864469,small,factuality
gpt_sage,gpt_graphconv,onsite_sage,0.49135348583877997,0.4666666666666667,0.6666666666666666,0.6526315789473685,0.47924297924297926,small,factuality
gpt_sage,gpt_graphconv,onsite_graphconv,0.22265205243928646,0.7777777777777778,0.3111111111111111,0.2857142857142857,0.32905982905982906,small,factuality
gpt_sage,gpt_graphconv,articles,0.6375350140056022,0.2553191489361702,0.7446808510638298,0.6354761904761904,0.6410256410256411,small,factuality
gpt_sage,gpt_graphconv,wiki,0.5098039215686275,0.3829787234042553,0.6382978723404256,0.5388888888888889,0.5183150183150184,small,factuality
gpt_sage,alexa_resgatedconv,alexa_graphconv,0.391392704635489,0.6595744680851063,0.46808510638297873,0.42320261437908496,0.38278388278388276,small,factuality
gpt_sage,alexa_resgatedconv,onsite_sage,0.49170437405731526,0.5333333333333333,0.5777777777777777,0.49396825396825395,0.4926739926739927,small,factuality
gpt_sage,alexa_resgatedconv,onsite_graphconv,0.5441523424334345,0.5777777777777777,0.5777777777777777,0.5649509803921569,0.5970695970695971,small,factuality
gpt_sage,alexa_resgatedconv,articles,0.6188034188034188,0.2553191489361702,0.7446808510638298,0.6285256410256411,0.6172161172161172,small,factuality
gpt_sage,alexa_resgatedconv,wiki,0.34335839598997486,0.7021276595744681,0.48936170212765956,0.3833333333333333,0.3516483516483517,small,factuality
gpt_sage,alexa_graphconv,onsite_sage,0.33215358215358215,1.1333333333333333,0.3111111111111111,0.46296296296296297,0.42826617826617824,small,factuality
gpt_sage,alexa_graphconv,onsite_graphconv,0.4630779848171152,0.7333333333333333,0.5111111111111111,0.4976851851851852,0.474053724053724,small,factuality
gpt_sage,alexa_graphconv,articles,0.5826648841354723,0.2553191489361702,0.7446808510638298,0.5885185185185186,0.5934065934065934,small,factuality
gpt_sage,alexa_graphconv,wiki,0.33636363636363636,0.5531914893617021,0.44680851063829785,0.3857142857142857,0.36813186813186816,small,factuality
gpt_sage,onsite_sage,onsite_graphconv,0.4338672080607564,0.9333333333333333,0.4222222222222222,0.6007326007326007,0.572039072039072,small,factuality
gpt_sage,onsite_sage,articles,0.7249573742540495,0.2,0.8,0.7173063973063973,0.7402319902319903,small,factuality
gpt_sage,onsite_sage,wiki,0.5197811447811448,0.37777777777777777,0.6444444444444445,0.5974025974025974,0.5412087912087912,small,factuality
gpt_sage,onsite_graphconv,articles,0.6409433168979093,0.28888888888888886,0.7555555555555555,0.7031746031746032,0.6697191697191697,small,factuality
gpt_sage,onsite_graphconv,wiki,0.3784560422491457,0.7777777777777778,0.4,0.45989304812834225,0.40995115995116,small,factuality
gpt_sage,articles,wiki,0.49770029469277594,0.44680851063829785,0.6170212765957447,0.5398932112890923,0.5677655677655679,small,factuality
gpt_graphconv,alexa_resgatedconv,alexa_graphconv,0.4811594202898551,0.6170212765957447,0.5319148936170213,0.5015151515151516,0.5146520146520147,small,factuality
gpt_graphconv,alexa_resgatedconv,onsite_sage,0.5726695526695527,0.5555555555555556,0.6,0.5763125763125764,0.6248473748473748,small,factuality
gpt_graphconv,alexa_resgatedconv,onsite_graphconv,0.5318840579710145,0.5777777777777777,0.5777777777777777,0.5358974358974359,0.5622710622710623,small,factuality
gpt_graphconv,alexa_resgatedconv,articles,0.7002759622367466,0.23404255319148937,0.7659574468085106,0.6912393162393163,0.7234432234432234,small,factuality
gpt_graphconv,alexa_resgatedconv,wiki,0.4541670464558077,0.5319148936170213,0.574468085106383,0.468013468013468,0.4597069597069597,small,factuality
gpt_graphconv,alexa_graphconv,onsite_sage,0.5395459976105137,0.4444444444444444,0.6666666666666666,0.6666666666666666,0.5140415140415141,small,factuality
gpt_graphconv,alexa_graphconv,onsite_graphconv,0.4978354978354979,0.8444444444444444,0.4888888888888889,0.5507936507936507,0.5607448107448108,small,factuality
gpt_graphconv,alexa_graphconv,articles,0.6595441595441596,0.2553191489361702,0.7446808510638298,0.6592074592074592,0.6886446886446885,small,factuality
gpt_graphconv,alexa_graphconv,wiki,0.44928451178451173,0.851063829787234,0.46808510638297873,0.6407407407407407,0.5,small,factuality
gpt_graphconv,onsite_sage,onsite_graphconv,0.41796066252588,0.8888888888888888,0.4444444444444444,0.5293650793650794,0.4752747252747253,small,factuality
gpt_graphconv,onsite_sage,articles,0.5547958214624882,0.26666666666666666,0.7333333333333333,0.5753968253968255,0.5625763125763127,small,factuality
gpt_graphconv,onsite_sage,wiki,0.17027417027417027,0.9333333333333333,0.17777777777777778,0.12222222222222223,0.28174603174603174,small,factuality
gpt_graphconv,onsite_graphconv,articles,0.6436420722135009,0.26666666666666666,0.7333333333333333,0.6521739130434783,0.647130647130647,small,factuality
gpt_graphconv,onsite_graphconv,wiki,0.4138102334823646,0.4444444444444444,0.6444444444444445,0.3952380952380952,0.4465811965811966,small,factuality
gpt_graphconv,articles,wiki,0.46182539682539686,0.48936170212765956,0.574468085106383,0.4874939874939875,0.5073260073260073,small,factuality
alexa_resgatedconv,alexa_graphconv,onsite_sage,0.5421724245253657,0.5777777777777777,0.6,0.5812698412698413,0.57997557997558,small,factuality
alexa_resgatedconv,alexa_graphconv,onsite_graphconv,0.4906565656565656,0.5777777777777777,0.5555555555555556,0.49347319347319346,0.5195360195360195,small,factuality
alexa_resgatedconv,alexa_graphconv,articles,0.5711175616835994,0.2978723404255319,0.7021276595744681,0.5740740740740741,0.5695970695970697,small,factuality
alexa_resgatedconv,alexa_graphconv,wiki,0.44662309368191727,0.3829787234042553,0.6382978723404256,0.4181818181818182,0.4945054945054945,small,factuality
alexa_resgatedconv,onsite_sage,onsite_graphconv,0.4531467557783347,0.4222222222222222,0.6444444444444445,0.7014157014157014,0.45146520146520147,small,factuality
alexa_resgatedconv,onsite_sage,articles,0.6620648259303722,0.26666666666666666,0.7333333333333333,0.6521739130434783,0.6868131868131869,small,factuality
alexa_resgatedconv,onsite_sage,wiki,0.38611111111111107,0.7111111111111111,0.4,0.5313852813852814,0.46978021978021983,small,factuality
alexa_resgatedconv,onsite_graphconv,articles,0.7203907203907205,0.2222222222222222,0.8,0.7203907203907205,0.7203907203907205,small,factuality
alexa_resgatedconv,onsite_graphconv,wiki,0.38730158730158726,0.4888888888888889,0.6222222222222222,0.3828828828828829,0.4188034188034188,small,factuality
alexa_resgatedconv,articles,wiki,0.49095022624434387,0.2978723404255319,0.7021276595744681,0.4615384615384615,0.532967032967033,small,factuality
alexa_graphconv,onsite_sage,onsite_graphconv,0.4768484401866863,0.4666666666666667,0.6222222222222222,0.7070707070707071,0.4685592185592185,small,factuality
alexa_graphconv,onsite_sage,articles,0.6450712838741733,0.24444444444444444,0.7555555555555555,0.6547619047619048,0.6697191697191697,small,factuality
alexa_graphconv,onsite_sage,wiki,0.514367816091954,0.4,0.6666666666666666,0.7395833333333334,0.5091575091575091,small,factuality
alexa_graphconv,onsite_graphconv,articles,0.6433670033670034,0.26666666666666666,0.7333333333333333,0.6376262626262627,0.6718559218559218,small,factuality
alexa_graphconv,onsite_graphconv,wiki,0.3552631578947368,0.5111111111111111,0.6,0.3533834586466165,0.391025641025641,small,factuality
alexa_graphconv,articles,wiki,0.5692929292929293,0.2765957446808511,0.723404255319149,0.5782163742690059,0.5805860805860806,small,factuality
onsite_sage,onsite_graphconv,articles,0.6374937343358396,0.28888888888888886,0.7333333333333333,0.6527777777777778,0.6916971916971916,small,factuality
onsite_sage,onsite_graphconv,wiki,0.47831253713606653,0.5555555555555556,0.5777777777777777,0.4977777777777778,0.5372405372405372,small,factuality
onsite_sage,articles,wiki,0.4206896551724138,0.3333333333333333,0.6666666666666666,0.3886217948717949,0.4594017094017094,small,factuality
onsite_graphconv,articles,wiki,0.5173160173160173,0.26666666666666666,0.7555555555555555,0.47485632183908044,0.5705128205128206,small,factuality
gpt_sage,gpt_graphconv,alexa_resgatedconv,0.2306388327372622,0.8916666666666667,0.30833333333333335,0.3008003624282694,0.3273258904837852,large,factuality
gpt_sage,gpt_graphconv,alexa_graphconv,0.2663419913419913,0.5083333333333333,0.575,0.317948717948718,0.2662413609782031,large,factuality
gpt_sage,gpt_graphconv,onsite_sage,0.17515335355578027,0.5110132158590308,0.5859030837004405,0.21155651859877214,0.20886259858862602,large,factuality
gpt_sage,gpt_graphconv,onsite_graphconv,0.14647887323943662,0.5374449339207048,0.5726872246696035,0.11659192825112108,0.19696969696969696,large,factuality
gpt_sage,gpt_graphconv,articles,0.44980863039399627,0.48412698412698413,0.6587301587301587,0.4706158402397341,0.6008709273182957,large,factuality
gpt_sage,gpt_graphconv,wiki,0.4268903024791637,0.4083333333333333,0.6875,0.40630113740598056,0.5000574928133983,large,factuality
gpt_sage,alexa_resgatedconv,alexa_graphconv,0.23396569007584497,0.525,0.5916666666666667,0.25931313131313133,0.275518341307815,large,factuality
gpt_sage,alexa_resgatedconv,onsite_sage,0.1199514563106796,1.2583333333333333,0.19166666666666668,0.23105369807497472,0.2535885167464115,large,factuality
gpt_sage,alexa_resgatedconv,onsite_graphconv,0.17376163368573233,1.1583333333333334,0.2,0.31282772782772783,0.2920520999468368,large,factuality
gpt_sage,alexa_resgatedconv,articles,0.3102331493785576,0.4583333333333333,0.5916666666666667,0.3309195757388529,0.4056087187666135,large,factuality
gpt_sage,alexa_resgatedconv,wiki,0.30422101142578767,0.5,0.5775862068965517,0.32026143790849676,0.3864583333333333,large,factuality
gpt_sage,alexa_graphconv,onsite_sage,0.2676019476567255,0.525,0.5833333333333334,0.2903370786516854,0.289792663476874,large,factuality
gpt_sage,alexa_graphconv,onsite_graphconv,0.13777777777777778,1.0666666666666667,0.3,0.22698412698412698,0.20728335991493885,large,factuality
gpt_sage,alexa_graphconv,articles,0.3621579743008314,0.4583333333333333,0.6333333333333333,0.395621769534813,0.48452950558213714,large,factuality
gpt_sage,alexa_graphconv,wiki,0.31465963987703116,0.5344827586206896,0.5517241379310345,0.32625272331154687,0.3486111111111111,large,factuality
gpt_sage,onsite_sage,onsite_graphconv,0.2151190476190476,0.5682819383259912,0.5418502202643172,0.2524253393665158,0.25163808793945786,large,factuality
gpt_sage,onsite_sage,articles,0.3467850203144321,0.3524229074889868,0.7004405286343612,0.3945647988120654,0.36793530670242997,large,factuality
gpt_sage,onsite_sage,wiki,0.35613583852827063,0.35185185185185186,0.7083333333333334,0.3396519916142558,0.40091503267973855,large,factuality
gpt_sage,onsite_graphconv,articles,0.40777430172167006,0.36123348017621143,0.7048458149779736,0.4029700734048561,0.5063256378324871,large,factuality
gpt_sage,onsite_graphconv,wiki,0.4949841666872027,0.4398148148148148,0.6712962962962963,0.46611755237826225,0.5767305896717663,large,factuality
gpt_sage,articles,wiki,0.4498446797021837,0.31666666666666665,0.7208333333333333,0.4363008920903658,0.5944394450693663,large,factuality
gpt_graphconv,alexa_resgatedconv,alexa_graphconv,0.2939272727272727,0.7,0.4666666666666667,0.45347936534377215,0.29851143009037745,large,factuality
gpt_graphconv,alexa_resgatedconv,onsite_sage,0.29371373307543525,0.5583333333333333,0.5416666666666666,0.28568376068376067,0.4016480595427964,large,factuality
gpt_graphconv,alexa_resgatedconv,onsite_graphconv,0.21792674475601306,0.7333333333333333,0.39166666666666666,0.2212121212121212,0.2651780967570441,large,factuality
gpt_graphconv,alexa_resgatedconv,articles,0.2910831390831391,0.8,0.4666666666666667,0.27943061840120664,0.494949494949495,large,factuality
gpt_graphconv,alexa_resgatedconv,wiki,0.25243589743589745,0.46551724137931033,0.5948275862068966,0.3213235294117647,0.3159722222222222,large,factuality
gpt_graphconv,alexa_graphconv,onsite_sage,0.16237196646848923,1.0833333333333333,0.2916666666666667,0.2970731707317073,0.24933545986177563,large,factuality
gpt_graphconv,alexa_graphconv,onsite_graphconv,0.09311627906976742,1.35,0.175,0.15538461538461537,0.19797979797979798,large,factuality
gpt_graphconv,alexa_graphconv,articles,0.3890543259557344,0.325,0.7,0.3740131578947368,0.4121212121212121,large,factuality
gpt_graphconv,alexa_graphconv,wiki,0.300011068068622,0.5258620689655172,0.6206896551724138,0.4612413793103448,0.28541666666666665,large,factuality
gpt_graphconv,onsite_sage,onsite_graphconv,0.10729093873747961,1.2995594713656389,0.16740088105726872,0.19960149439601493,0.19464667752338985,large,factuality
gpt_graphconv,onsite_sage,articles,0.4741581212998808,0.32158590308370044,0.73568281938326,0.465940700016787,0.535025066257943,large,factuality
gpt_graphconv,onsite_sage,wiki,0.34630612938972155,0.6759259259259259,0.5138888888888888,0.43969063664501273,0.5181225310637075,large,factuality
gpt_graphconv,onsite_graphconv,articles,0.3466503587736464,0.3700440528634361,0.6960352422907489,0.38315789473684214,0.354449659929112,large,factuality
gpt_graphconv,onsite_graphconv,wiki,0.3238882886590867,0.5879629629629629,0.5555555555555556,0.38700280112044816,0.4731774761186526,large,factuality
gpt_graphconv,articles,wiki,0.52271896638936,0.2916666666666667,0.7583333333333333,0.4984529196293902,0.5989051368578927,large,factuality
alexa_resgatedconv,alexa_graphconv,onsite_sage,0.2732992198641054,0.512396694214876,0.5206611570247934,0.30294811320754716,0.26981757877280266,large,factuality
alexa_resgatedconv,alexa_graphconv,onsite_graphconv,0.1805203398751786,0.8842975206611571,0.371900826446281,0.36025934401220444,0.27126647464432224,large,factuality
alexa_resgatedconv,alexa_graphconv,articles,0.5350767360976431,0.36363636363636365,0.6776859504132231,0.6373333333333334,0.6777385004800559,large,factuality
alexa_resgatedconv,alexa_graphconv,wiki,0.32129493171642315,0.5042735042735043,0.5897435897435898,0.3142817755720982,0.3538461538461538,large,factuality
alexa_resgatedconv,onsite_sage,onsite_graphconv,0.24971243284182623,0.48760330578512395,0.5785123966942148,0.26253846153846155,0.29273806406563674,large,factuality
alexa_resgatedconv,onsite_sage,articles,0.28112564309179944,0.5289256198347108,0.5950413223140496,0.317632999911481,0.3764728986645719,large,factuality
alexa_resgatedconv,onsite_sage,wiki,0.3174677099634846,0.4444444444444444,0.6068376068376068,0.3106349206349206,0.33965811965811965,large,factuality
alexa_resgatedconv,onsite_graphconv,articles,0.402906976744186,0.5619834710743802,0.5702479338842975,0.451741935483871,0.6139958104215764,large,factuality
alexa_resgatedconv,onsite_graphconv,wiki,0.3535041552474967,0.7863247863247863,0.5299145299145299,0.4007643928398645,0.4470940170940171,large,factuality
alexa_resgatedconv,articles,wiki,0.5694083694083695,0.2905982905982906,0.7435897435897436,0.5505865058103864,0.6173504273504273,large,factuality
alexa_graphconv,onsite_sage,onsite_graphconv,0.15641566971616233,1.0661157024793388,0.2975206611570248,0.2163059163059163,0.17656454569258967,large,factuality
alexa_graphconv,onsite_sage,articles,0.4041155053231408,0.4049586776859504,0.6115702479338843,0.46790476190476193,0.4753644060399755,large,factuality
alexa_graphconv,onsite_sage,wiki,0.3305050505050505,0.4017094017094017,0.6581196581196581,0.32303030303030306,0.3847863247863248,large,factuality
alexa_graphconv,onsite_graphconv,articles,0.3586148648648649,0.4132231404958678,0.6611570247933884,0.38028761362094693,0.3499258095487475,large,factuality
alexa_graphconv,onsite_graphconv,wiki,0.29526741791361344,0.6153846153846154,0.5384615384615384,0.31480701754385965,0.3274358974358974,large,factuality
alexa_graphconv,articles,wiki,0.37638713302430116,0.5299145299145299,0.5897435897435898,0.38336819172113296,0.5909401709401709,large,factuality
onsite_sage,onsite_graphconv,articles,0.3645920537981198,0.2794759825327511,0.7510917030567685,0.4067901234567901,0.35064480327638226,large,factuality
onsite_sage,onsite_graphconv,wiki,0.2793866213151927,0.6926605504587156,0.4954128440366973,0.3740749362598382,0.47917599346904377,large,factuality
onsite_sage,articles,wiki,0.5157859723850774,0.2706422018348624,0.7752293577981652,0.6374310480693459,0.5285498468209868,large,factuality
onsite_graphconv,articles,wiki,0.40851951917013896,0.24770642201834864,0.7706422018348624,0.3944669365721997,0.4595861972102986,large,factuality
